{"cameraMode":{"drawMode":0,"name":"Shaded","section":"Shading Mode"},"sceneLighting":true,"audioPlay":false,"sceneViewState":{"showFog":true,"showMaterialUpdate":false,"showSkybox":true,"showFlares":true,"showImageEffects":true,"showParticleSystems":true},"in2DMode":false,"pivot":{"x":328.0919189453125,"y":167.4290313720703,"z":39.646728515625},"rotation":{"x":-0.13227301836013795,"y":-0.06092310696840286,"z":0.008145143277943135,"w":-0.9893057942390442},"size":573.9217529296875,"orthographic":false}